data,seed,mode,epochs,val_ppl,val_loss,train_loss,final_cv,active,avg_k,drop_ratio,events,n_rewards,sec
shakespeare,2026,fixed,5,12.908926,2.557919,2.428078,0.816497,0.75,2.0,0.0,0,0,21.1
shakespeare,2026,rules,5,13.12472,2.574497,2.503416,0.300685,1.0,2.0,0.0,0,0,17.0
shakespeare,2026,learned,5,12.970668,2.56269,2.427073,0.816497,0.75,2.6452,0.0,30,610,14.4
shakespeare,2026,learned_nok,5,12.987347,2.563976,2.4277,0.816497,0.75,2.0,0.0,30,610,14.6
shakespeare,2027,fixed,5,14.587915,2.680193,2.438715,0.4,1.0,2.0,0.0,0,0,15.0
shakespeare,2027,rules,5,13.566106,2.607574,2.53855,0.097307,1.0,2.0,0.0,0,0,16.9
shakespeare,2027,learned,5,14.558777,2.678194,2.442097,0.4,1.0,2.0645,0.0,30,610,15.0
shakespeare,2027,learned_nok,5,14.653599,2.684686,2.438665,0.4,1.0,2.0,0.0,30,610,15.2
shakespeare,2028,fixed,5,31.502444,3.450065,2.444709,0.81642,0.75,2.0,0.0,0,0,13.8
shakespeare,2028,rules,5,13.312671,2.588716,2.516558,0.097285,1.0,2.0,0.0,0,0,17.3
shakespeare,2028,learned,5,31.454134,3.44853,2.444399,0.816497,0.75,2.0968,0.0,30,610,13.9
shakespeare,2028,learned_nok,5,34.729444,3.547588,2.442002,0.816497,0.75,2.0,0.0,30,610,14.2
