data,seed,mode,epochs,val_acc,train_acc,test_acc,loss,final_cv,active,avg_k,drop_ratio,events,n_rewards,sec
mnist,2026,fixed,30,0.945,1.0,0.9515,0.000221,1.536052,0.40625,6.0,0.0,0,0,67.5
mnist,2026,rules,30,0.9375,0.993099,0.942,0.026308,0.783285,0.921875,6.0,0.0,0,0,81.0
mnist,2026,learned,30,0.95875,0.996094,0.94,0.014148,1.345996,0.765625,7.0,0.0,41,840,61.7
mnist,2026,learned_nok,30,0.93625,0.990625,0.93,0.047569,1.518592,0.703125,6.0,0.0,41,840,116.3
mnist,2027,fixed,30,0.94875,0.998828,0.961,0.004838,1.570095,0.5625,6.0,0.0,0,0,61.6
mnist,2027,rules,30,0.95125,0.995443,0.946,0.022155,0.823059,0.875,6.0,0.0,0,0,76.8
mnist,2027,learned,30,0.95125,0.991797,0.946,0.03469,1.517828,0.625,5.1667,0.0,41,840,63.6
mnist,2027,learned_nok,30,0.95125,0.989062,0.9455,0.046644,1.373228,0.765625,6.0,0.0,41,840,56.8
mnist,2028,fixed,30,0.9425,0.997526,0.949,0.014749,1.45405,0.703125,6.0,0.0,0,0,50.5
mnist,2028,rules,30,0.945,0.992057,0.9555,0.036193,0.784045,0.890625,6.0,0.0,0,0,63.1
mnist,2028,learned,30,0.94375,0.998307,0.9545,0.006121,1.381969,0.65625,5.8571,0.0,41,840,54.6
mnist,2028,learned_nok,30,0.9325,0.994661,0.9535,0.033002,1.542253,0.578125,6.0,0.0,41,840,56.4
mnist,2029,fixed,30,0.9575,0.99974,0.959,0.001627,1.430688,0.5,6.0,0.0,0,0,53.3
mnist,2029,rules,30,0.9425,0.993359,0.952,0.02217,0.965635,0.953125,6.0,0.0,0,0,67.6
mnist,2029,learned,30,0.955,0.992839,0.956,0.030541,1.621253,0.734375,6.2857,0.0,41,840,51.4
mnist,2029,learned_nok,30,0.94625,0.994792,0.957,0.02091,1.614522,0.6875,6.0,0.0,41,840,52.7
mnist,2030,fixed,30,0.96,1.0,0.9535,0.000184,1.459482,0.484375,6.0,0.0,0,0,63.4
mnist,2030,rules,30,0.95375,0.995313,0.952,0.019329,0.767887,0.96875,6.0,0.0,0,0,68.4
mnist,2030,learned,30,0.935,0.992318,0.945,0.034319,1.460574,0.765625,6.119,0.0,41,840,55.9
mnist,2030,learned_nok,30,0.96125,0.999089,0.9515,0.005118,1.468282,0.671875,6.0,0.0,41,840,54.8
