data,seed,mode,epochs,val_acc,train_acc,test_acc,loss,final_cv,active,avg_k,events,n_rewards,sec
synth,2026,learned_ablate_loss,12,0.895508,0.864193,,0.515374,1.410845,0.78125,5.75,7,144,4.4
synth,2026,learned_ablate_cv,12,0.895508,0.864193,,0.515374,1.410845,0.78125,5.75,7,144,3.9
synth,2026,learned_ablate_k,12,0.895508,0.864193,,0.515374,1.410845,0.78125,5.75,7,144,3.8
synth,2027,learned_ablate_loss,12,0.923828,0.918229,,0.328402,1.49208,0.84375,5.75,7,144,3.9
synth,2027,learned_ablate_cv,12,0.923828,0.918229,,0.328402,1.49208,0.84375,5.75,7,144,3.9
synth,2027,learned_ablate_k,12,0.923828,0.918229,,0.328402,1.49208,0.84375,5.75,7,144,3.9
synth,2028,learned_ablate_loss,12,0.881836,0.845703,,0.543404,1.409922,0.84375,5.375,7,144,4.1
synth,2028,learned_ablate_cv,12,0.881836,0.845703,,0.543404,1.409922,0.84375,5.375,7,144,4.2
synth,2028,learned_ablate_k,12,0.890625,0.844401,,0.549558,1.294924,0.84375,5.375,7,144,4.2
